<?xml version="1.0" encoding="UTF-8"?>
<!--  XSLT_Termin.xslt -->

<Termin>
	<TerminInfos Terminersteller="p2" verschiebbar="nein" Erstelldatum="12.4.2002" Serientermin="ja">
		<Beginn>
			<Datum tag="26" monat="04" jahr="2002"/>
			<Uhrzeit stunden="13" minuten="00"/>
		</Beginn>
		<Ende>
			<Datum tag="26" monat="04" jahr="2002"/>
			<Uhrzeit stunden="14" minuten="30"/>
		</Ende>
		<Dauer einheit="Stunden">1,5</Dauer>
		<Beschreibung bezeichnung="Vorlesung Softwareentwicklung II" typ="Lehre" ort="HS 23" href="http://www.xml.com/~hitz.html">
			<Zusatztext>Diese Vorlesung befasst sich mit 
				<Inhalt>Design Patterns</Inhalt>. Folgende Basisliteratur wird empfohlen:
				<Buch>Gamma et al. .......</Buch>
				<Buch>Buschmann et al. ....</Buch>
			</Zusatztext>
		</Beschreibung>
		<Benachrichtigungen>
			<Benachrichtigung art="EMail" zeitBisTermin="1" einheit="Tage"/>
			<Benachrichtigung art="Beep" zeitBisTermin="15" einheit="Minuten"/>
			<Benachrichtigung art="keine"/>
		</Benachrichtigungen>
	</TerminInfos>
	<!-- ... und Teilnehmer -->
	<TeilnehmerListe>
	<Person id="p1">
			<Vorname>Obi-Wan</Vorname>
			<Nachname>Kenobi</Nachname>
			<Telefon type="private">987-654-323</Telefon>
		</Person>
		<Person id="p2">
			<Vorname>Han</Vorname>
			<Nachname>Solo</Nachname>
			<Telefon type="home">333-444-555</Telefon>
			<Telefon type="private">777-888-999</Telefon>
		</Person>
		<Person id="p3">
			<Vorname>R2</Vorname>
			<Nachname>D2</Nachname>
			<Telefon type="home">321-342-654</Telefon>
		</Person>
		<Person id="p4">
			<Vorname>Luke</Vorname>
			<Nachname>Skywalker</Nachname>
			<Telefon>234-098-231</Telefon>
		</Person>
		<Person id="p5">
			<Nachname>Chewy</Nachname>
		</Person>
	</TeilnehmerListe>
</Termin>
